{
    "AMAZON": {
        "username": "FatalDestiny",
        "email": "ashfaqahmd2002@gmail.com",
        "password": "(c4jt%)3#bLOG7zy"
    },
    "FACEBOOK": {
        "username": "Masked Titan",
        "email": "ashfaqahmd2002@gmail.com",
        "password": "hBRtj)1jQq)1$"
    },
    "TWITTER": {
        "username": "SteelTitan",
        "email": "ashha@gmail.com",
        "password": "iHcf7*Ok!&i*fa7"
    },
    "ROBOWEB": {
        "username": "TurboSlayer",
        "email": "asyyw2@gmail.com",
        "password": "OJH8G!2*nL)XP"
    },
    "GMAIL": {
        "username": "TurboSlayer",
        "email": "dave067843",
        "password": "6k0Jvyj!66bD#pbw"
    },
    "YAHOO": {
        "username": "cryptichatter14",
        "email": "cryptichatter14@yahoo.com",
        "password": "#!&x0$nKBqaKJ15"
    },
    "OPENWEATHER.ORG": {
        "username": "ASHFAQ AHAMED",
        "email": "ashfaqahmd2002@gmail.com",
        "password": "sef%6gQ(N2+xDLC"
    },
    "TWILIO": {
        "username": "Ashfaq ahamed",
        "email": "ashfaqahmd2002@gmail.com",
        "password": "o5%#YuRwY7&cL6U3t"
    }
}